,TOS,Benchmark
daily_mean,0.0038167861508578197,0.00016808697819094035
daily_std,0.004547823197908003,0.017004366271213767
normalized_value,5.7861,0.012299999999999978
