,TOS,Benchmark
cumulative_return,6.7861,1.0123
daily_mean,410981.7623762376,96812.29702970297
daily_std,190951.20741009206,6422.781090416193
